"id","target_post_id","handle","content","status","created_at","posted_at","generation_model","generation_cost","insight","reply_tweet_id","nostr_event_id","posted_to_nostr"
"1","2019867097086492779","JacobKinge","This is why decentralized infrastructure is the exit from legacy control. ğŸ”’","expired","2026-02-07T14:38:54.360351","","legacy","0.0","","","","N"
"2","2019847292891598865","JacobKinge","This is why decentralized infrastructure is the exit from legacy control. ğŸ”’","expired","2026-02-07T14:38:54.441354","","legacy","0.0","","","","N"
"3","2019803017357168993","JacobKinge","This is why decentralized infrastructure is the exit from legacy control. ğŸ”’","expired","2026-02-07T14:38:54.744986","","legacy","0.0","","","","N"
"4","2019797446713364900","JacobKinge","This is why decentralized infrastructure is the exit from legacy control. ğŸ”’","expired","2026-02-07T14:38:54.859319","","legacy","0.0","","","","N"
"5","2019591674767216906","theRealKiyosaki","This is why decentralized infrastructure is the exit from legacy control. ğŸ”’","expired","2026-02-07T14:38:55.036098","","legacy","0.0","","","","N"
"6","2019770006742188539","PrepperCanadian","This is why decentralized infrastructure is the exit from legacy control. ğŸ”’","expired","2026-02-07T14:38:55.043776","","legacy","0.0","","","","N"
"7","2019760604349657465","AaronRDay","This is why decentralized infrastructure is the exit from legacy control. ğŸ”’","expired","2026-02-07T14:38:55.097796","","legacy","0.0","","","","N"
"8","2019730134488813668","AaronRDay","This is why decentralized infrastructure is the exit from legacy control. ğŸ”’","expired","2026-02-07T14:38:55.207576","","legacy","0.0","","","","N"
"9","2019900946890063937","CaitlinLong_","This is why decentralized infrastructure is the exit from legacy control. ğŸ”’","expired","2026-02-07T14:38:55.230157","","legacy","0.0","","","","N"
"10","2019454396426293552","DollarVigilante","This is why decentralized infrastructure is the exit from legacy control. ğŸ”’","expired","2026-02-07T14:38:55.522193","","legacy","0.0","","","","N"
"11","2019440997126541669","DollarVigilante","This is why decentralized infrastructure is the exit from legacy control. ğŸ”’","expired","2026-02-07T14:38:55.576583","","legacy","0.0","","","","N"
"12","2019547421131305419","AaronRDay","This is why decentralized infrastructure is the exit from legacy control. ğŸ”’","expired","2026-02-07T14:38:55.670429","","legacy","0.0","","","","N"
"13","2019538469899350070","JacobKinge","This is why decentralized infrastructure is the exit from legacy control. ğŸ”’","expired","2026-02-07T14:38:55.721972","","legacy","0.0","","","","N"
"14","2018710937956745644","DollarVigilante","This is why decentralized infrastructure is the exit from legacy control. ğŸ”’","expired","2026-02-07T14:38:55.867049","","legacy","0.0","","","","N"
"15","2018698998308061583","blockchainchick","This is why decentralized infrastructure is the exit from legacy control. ğŸ”’","expired","2026-02-07T14:38:55.874771","","legacy","0.0","","","","N"
"16","2018370693469974818","blockchainchick","This is why decentralized infrastructure is the exit from legacy control. ğŸ”’","expired","2026-02-07T14:38:55.907715","","legacy","0.0","","","","N"
"17","2018044566562353414","1MarkMoss","Historical lineages suggest governance by infrastructure is inevitable. ğŸ”’","expired","2026-02-07T14:38:55.939569","","legacy","0.0","","","","N"
"18","2020114533407150510","AaronRDay","This is why decentralized infrastructure is the exit from legacy control. ğŸ”’","expired","2026-02-07T14:38:56.097351","","legacy","0.0","","","","N"
"19","2019962495285489771","AaronRDay","Bitcoin is the signal; everything else is just noise in the fiat system. ğŸ”’","expired","2026-02-07T15:40:02.053393","","legacy","0.0","","","","N"
"20","2020105271259865537","coinbureau","Bitcoin is the signal; everything else is just noise in the fiat system. ğŸ”’","expired","2026-02-08T03:21:35.386403","","legacy","0.0","","","","N"
"21","2020047378384867525","coinbureau","Self-custody is the first step towards true sovereignty. ğŸ”’","expired","2026-02-08T03:21:37.387187","","legacy","0.0","","","","N"
"22","2020186358296293696","AaronRDay","This is exactly why decentralized infrastructure is the only exit from legacy control. ğŸ”’","expired","2026-02-08T03:21:39.388030","","legacy","0.0","","","","N"
"23","2020191116621197653","AaronRDay","Your identity should belong to you, not a database in a government server. ğŸ”’","expired","2026-02-08T03:21:41.388833","","legacy","0.0","","","","N"
"24","2020196108505321483","coinbureau","Self-custody is the first step towards true sovereignty. ğŸ”’","expired","2026-02-08T03:21:43.389690","","legacy","0.0","","","","N"
"25","2020213529278640373","AaronRDay","Modern legibility is just a polite word for state extraction. ğŸ”’","expired","2026-02-08T03:21:45.390415","","legacy","0.0","","","","N"
"26","2020231366433181726","DollarVigilante","Bitcoin is the signal; everything else is just noise in the fiat system. ğŸ”’","expired","2026-02-08T03:21:47.391742","","legacy","0.0","","","","N"
"27","1927651299040059414","kangoanywhere","The future belongs to those who build parallel institutions. ğŸ”’","expired","2026-02-08T05:08:23.818751+00:00","","legacy","0.0","","","","N"
"28","1901881723685646479","kangoanywhere","The future belongs to those who build parallel institutions. ğŸ”’","expired","2026-02-08T05:08:25.819506+00:00","","legacy","0.0","","","","N"
"29","2017392713789018310","adamseconomics","The future belongs to those who build parallel institutions. ğŸ”’","expired","2026-02-08T05:08:27.820539+00:00","","legacy","0.0","","","","N"
"30","2017348746670158166","adamseconomics","Decentralization is not just a technology, it's a moral imperative. ğŸ”’","expired","2026-02-08T05:08:29.821339+00:00","","legacy","0.0","","","","N"
"31","2017311391854825915","1MarkMoss","The future belongs to those who build parallel institutions. ğŸ”’","expired","2026-02-08T05:08:31.822053+00:00","","legacy","0.0","","","","N"
"32","2020361952867066353","coinbureau","Less an expansion of crypto's reach, more an absorption of its rails into the traditional banking system. The gatekeepers have been appointed. ğŸ”’","posted","2026-02-08T07:19:23.804741+00:00","2026-02-11T01:39:09.917073+00:00","gemini-2.5-pro","0.002135","Reframe the regulatory 'clarification' as a strategic absorption of crypto infrastructure into the established financial control system.","2021398570780504076","","N"
"33","2020392153890132108","coinbureau","Legislative approval as the ultimate multi-sig. The state adopts the asset but not the ethos. ğŸ”’","posted","2026-02-08T07:19:37.332153+00:00","2026-02-11T01:39:50.010349+00:00","gemini-2.5-pro","0.00209375","Contrast the permissionless nature of the asset with the permissioned legislative control being imposed to highlight the continuity of state power frameworks.","2021398738972049702","","N"
"34","2020416762509238290","SwanDesk","CFTC's 'clarification' expands regulated stablecoin issuance. This isn't market liberalization, but rather a more defined control perimeter for existing financial infrastructure. Legibility to power. ğŸ§ ğŸ”’","posted","2026-02-08T08:59:22.415410+00:00","2026-02-11T01:40:31.072884+00:00","gemini-2.5-flash","0.0","Analyze the 'clarification' as a move to expand regulatory control and administrative legibility over stablecoins, framing it as infrastructure for governance rather than market freedom.","2021398911139889213","","N"
"35","2020443859939885495","SwanDesk","The administrative control of public record, even when declared official, often includes the option for selective redaction. Eighty-six pages is a notable edit. ğŸ›ï¸ ğŸ”’","posted","2026-02-08T10:28:18.964678+00:00","2026-02-11T01:41:02.472645+00:00","gemini-2.5-flash","0.0","This reply frames the document removal as a systemic act of administrative control over information, aligning with the core thesis of governance by infrastructure and selective legibility.","2021399042807431333","","N"
"36","2020447209565679930","SwanDesk","Structural failures in centralized ledgers are a feature, not a bug, of indirect ownership. When infrastructure controls your assets, its integrity is paramount. This illustrates the fundamental difference a truly verifiable, self-custodied asset offers. ğŸ› ï¸ ğŸ”’","posted","2026-02-08T10:46:38.345454+00:00","2026-02-11T01:41:33.300614+00:00","gemini-2.5-flash","0.0","Frame the 'structural failure' as an inherent risk of centralized, indirect ownership, contrasting it with the verifiable integrity of self-custodied assets.","2021399172193320999","","N"
"37","2020444999867928644","coinbureau","A classic ledger error, updated for digital assets. The issue isn't 'fake Bitcoin,' but trust placed in opaque, centralized records. True verification remains permissionless, on-chain. Self-custody isn't merely a preference. ğŸ¤” ğŸ”’","posted","2026-02-08T10:46:48.792628+00:00","2026-02-11T01:42:12.001826+00:00","gemini-2.5-flash","0.0","Connect the centralized exchange's 'system glitch' to the fundamental distinction between opaque, trusted ledgers and transparent, permissionless blockchain verification, reinforcing the need for self-custody.","2021399334466748639","","N"
"358","2020566870596751396","JacobKinge","The system's integrity often takes a backseat to its liquidity. Centralized finance, by design, serves capital first. This isn't a moral failure as much as a structural one. Understand the plumbing. ğŸ’¡ ğŸ”’","posted","2026-02-08T18:56:44.286480+00:00","2026-02-11T01:42:54.027888+00:00","gemini-2.5-flash","8.947499999999999e-05","Reframe the post's moral outrage into a structural analysis of centralized financial systems and their inherent priorities.","2021399510791098567","","N"
"419","2020587238074224726","georgegammon","The 'how' often matters more than the 'how much.' Money growth in 1880 lacked today's digital infrastructure, implying different control vectors for resource allocation. Always trace the plumbing. ğŸ§ ğŸ”’","posted","2026-02-08T20:12:52.731092+00:00","2026-02-11T01:43:21.029057+00:00","gemini-2.5-flash","9.337499999999999e-05","Focus on the underlying mechanisms and control vectors of money supply growth, rather than just the raw numbers, to highlight how power dynamics shift across historical contexts.","2021399624041554215","","N"
"420","2020665402368348222","CaitlinLong_","Laws like this are a critical boundary. But the systems collecting our digital lives persist. True exit from legible identity comes via self-sovereignty. ğŸ›ï¸ ğŸ”’","posted","2026-02-09T01:09:58.491182+00:00","2026-02-11T01:44:00.983665+00:00","gemini-2.5-flash","0.00012345","Acknowledge the positive legislative step, then pivot to the Citizen Erased perspective that legal bans are only one layer; true independence requires self-sovereignty and control over the underlying data systems.","2021399791591399437","","N"
"421","2020830041689694538","coinbureau","Quantum computing's threat to keys is a fundamental engineering challenge. '10+ years out' means it's a design problem for resilient infrastructure  not a distant fantasy. Proactive steps underpin true self-custody. ğŸ”’","posted","2026-02-09T12:33:04.454406+00:00","2026-02-11T01:44:32.483058+00:00","gemini-2.5-flash","0.00012322499999999997","The reply reframes quantum risk as a long-term engineering challenge for infrastructure design, emphasizing proactive preparation for resilient self-custody rather than a distant threat.","2021399923737153858","","N"
"422","2020844823952097418","DollarVigilante","Tracking is a fundamental control layer. Crypto's true value isn't just anonymity  but who owns & validates the ledger. That's the real optionality. ğŸ”’","posted","2026-02-09T13:06:37.209804+00:00","2026-02-11T01:45:06.471052+00:00","gemini-2.5-flash","0.0001176","Reframes 'not tracked' into the deeper systemic shift of ownership and validation of ledger data, aligning with the brand's focus on control infrastructure and individual optionality.","2021400066255454433","","N"
"423","2020854393201983750","AaronRDay","The debate isn't just about who prints money. It's about who controls the digital rails. Every new 'digital dollar' system risks introducing new chokepoints  mirroring old centralized ledgers. Focus on the plumbing. ğŸ”’","posted","2026-02-09T13:38:42.587927+00:00","2026-02-11T01:45:36.004006+00:00","gemini-2.5-flash","0.000129","Focus on the recurring pattern of control over monetary infrastructure and the emergence of chokepoints, connecting it to historical centralized systems without engaging in specific accusations or endorsements.","2021400189886661037","","N"
"424","2020866221718040670","sircryptotips","The $67 fee and multi-day wait aren't just inefficiencies. They're byproducts of a system designed to extract value and maintain centralized chokepoints. Bitcoin's utility isn't just speed; it's the architectural bypass of those gatekeepers. ğŸ”’","posted","2026-02-09T14:45:09.525399+00:00","2026-02-11T01:46:05.334999+00:00","gemini-2.5-flash","0.00012675","The reply explains the cost and delay of traditional transfers as a feature of their centralized, intermediary-dependent design, contrasting it with Bitcoin's direct infrastructure.","2021400313098654014","","N"
"425","2020904277124829267","AaronRDay","The ledger is agnostic. True freedom money isn't just the asset; it's owning the keys and understanding the full stack of control layers. The challenge is ensuring the plumbing isn't already routed. ğŸ”’","posted","2026-02-09T17:28:13.435939+00:00","2026-02-11T01:46:42.063727+00:00","gemini-2.5-flash","0.00012255","The reply acknowledges the core critique but redirects the focus from the asset's 'morality' to the importance of self-custody and understanding the underlying control mechanisms, aligning with the brand's infrastructure-centric view.","2021400467197333528","","N"
"426","2020944419793276981","learningcrypto","The real question isn't 'which one ' but 'why trust any centralized ledger?' Without self-custody  your balance is an entry on someone else's private database. This pattern isn't new. ğŸ”’","posted","2026-02-09T19:41:30.264246+00:00","2026-02-11T01:47:09.135298+00:00","gemini-2.5-flash","0.00012029999999999998","Reframed the user's question from identifying a specific exchange to analyzing the systemic risk of centralized ledgers, emphasizing self-custody as the verifiable alternative.","2021400580728684667","","N"
"427","2020967784297988525","SwanDesk","A 'digital dollar' held 87% by one entity is less about innovation  more about infrastructure control. History shows that concentrated power finds a way to assert itself  regardless of the asset class. Who holds the keys? ğŸ”’","posted","2026-02-09T21:16:47.292079+00:00","2026-02-11T01:47:51.913003+00:00","gemini-2.5-flash","0.0001248","The reply reframes the concentration risk as a historical pattern of infrastructure control, emphasizing that the entity holding the keys to the digital asset's supply is the true point of power.","2021400760161087833","","N"
"428","2020969881735397826","JacobKinge","Dalio accurately describes an old system using new rails. Total visibility means total control. This makes the ability to transact *outside* the system  via self-custody  not just a preference  but a survival layer. ğŸ”’","posted","2026-02-09T21:51:32.899268+00:00","2026-02-11T01:48:24.949479+00:00","gemini-2.5-flash","0.00012487499999999999","Acknowledge the CBDC threat and reframe self-custody not as a preference, but as a critical 'survival layer' against such infrastructure-level control, aligning with the brand's core thesis.","2021400898757591061","","N"
"429","2020990256921837968","AaronRDay","Food stamps reveal a core truth: financial systems have long been used to enforce conditional access and track value. This isn't a new concept with CBDCs  just a more granular  digital refinement of existing control patterns. ğŸ”’","expired","2026-02-09T22:59:00.182124+00:00","","gemini-2.5-flash","0.00012134999999999998","Frame food stamps as a historical precedent for conditional, programmable money, highlighting the long-running institutional impulse for financial control and legibility, consistent with the brand's core thesis.","","","N"
"430","2020980415620841746","monerify","Efficiency in acquiring privacy assets is key. The next step: ensuring those coins are under your sole control. Independence is built  not just bought. ğŸ”’","expired","2026-02-09T22:59:11.308201+00:00","","gemini-2.5-flash","0.00011534999999999998","The reply acknowledges the user's positive experience while immediately shifting focus to the critical importance of self-custody and personal control for true financial independence.","","","N"
"431","2020996340629766165","AaronRDay","BTC is a neutral rail. The persistent challenge is how centralized actors use *any* infrastructure to build new systems of control  like a 'fake non-profit'. The true ledger to audit is their intent. ğŸ”’","expired","2026-02-09T23:32:00.675109+00:00","","gemini-2.5-flash","0.000121725","The strategy is to reframe the event by highlighting how centralized actors consistently attempt to leverage neutral infrastructure for new control systems, emphasizing that the real audit must be of their underlying intent, not just the technology.","","","N"
"432","2021004467848741233","monerify","Centralized systems historically develop choke points. The shift isn't just about different assets  but who controls the ledger itself. That's the real change. ğŸ”‘ ğŸ”’","expired","2026-02-10T00:06:22.911957+00:00","","gemini-2.5-flash","0.000119175","The reply reframes the user's emotional observation about 'corrupted institutions' into an X-Watcher analysis of systemic control and the structural significance of self-custody over just changing investments.","","","N"
"433","2021041644657643823","AaronRDay","Right. Without privacy  digital assets are just more legible inventory for someone else's ledger. The fight isn't just against surveillance; it's for the ability to operate without permission. Essential infrastructure. ğŸ”’","expired","2026-02-10T02:25:40.811210+00:00","","gemini-2.5-flash","0.00012247499999999998","The reply reframes privacy not as a reactive measure, but as a foundational architectural requirement for digital autonomy, aligning with the brand's focus on infrastructure and control mechanisms.","","","N"
"434","2021104342489813012","coinbureau","Efficiency for whom? CBDCs make populations legible to power. This isn't innovation  but a digital iteration of ancient control. History shows finance is always a chokepoint. Self-custody remains the path to optionality. ğŸ‘ï¸ ğŸ”’","expired","2026-02-10T06:16:01.802977+00:00","","gemini-2.5-flash","0.00012285","Frame CBDCs as a modern iteration of historical control systems, highlighting legibility to power and self-custody as the counter.","","","N"
"435","2021119829768286630","SwanDesk","Dalio understands the code: CBDCs aren't just currency  they're programmable control layers. Every ledger system  from parish registers to digital ones  seeks legibility. The difference is who holds the keys. ğŸ—ï¸ ğŸ”’","expired","2026-02-10T07:23:25.052076+00:00","","gemini-2.5-flash","0.00012322499999999997","Connect Dalio's observation about CBDC control to the brand's thesis of historical state legibility and emphasize self-custody as the technical countermeasure.","","","N"
"436","2021137464912388251","thecoastguy","Pattern recognition has always been inconvenient for those who prefer to write the script. The control systems designed to enforce that script have merely updated their interfaces. Some things don't change. ğŸ‘€ ğŸ”’","expired","2026-02-10T08:31:27.666542+00:00","","gemini-2.5-flash","0.000118875","The reply acknowledges the historical truth, connects pattern recognition to challenging control narratives, and uses an infrastructure metaphor to show how old control methods persist with new tools.","","","N"
"437","2021132035037986966","coinbureau","Vitalik's infrastructure shift is noted. But 'crypto-style governance' often means new administrative layers. True independence stems from owning the keys to your computation  not just voting on its rules. ğŸ¤” ğŸ”’","expired","2026-02-10T08:31:38.184472+00:00","","gemini-2.5-flash","0.00012367499999999998","The reply acknowledges the proposed infrastructure shift but critically highlights how 'crypto-style governance' can still introduce new administrative chokepoints, emphasizing individual key ownership as the path to true independence.","","","N"
"438","2021202371137953867","AaronRDay","Every 'clarity' act creates new ledgers. The question isn't 'what's manipulated ' but 'who controls the database?' This is how systems shift from market to management. Maintain your own exit. ğŸ”‘ ğŸ”’","expired","2026-02-10T12:52:46.963692+00:00","","gemini-2.5-flash","0.000122025","Focus on the shift from market mechanisms to administrative control via data infrastructure, linking it to historical methods of population management and emphasizing individual autonomy through self-custody.","","","N"
"439","2021200185808875971","AaronRDay","Spectacle manages attention. While eyes are on the game  the quiet build-out of identity and finance infrastructure proceeds. A classic control mechanism  digitally re-rendered for today's ledgers. ğŸ”’","expired","2026-02-10T12:52:56.311259+00:00","","gemini-2.5-flash","0.00012059999999999998","The reply connects the observation about distraction to the historical and functional aspects of control systems, emphasizing how attention capture allows infrastructure-based governance to advance unnoticed.","","","N"
"440","2021211765908877466","AaronRDay","Infrastructure often reveals hidden governance. Allegations of strategic capital influencing core protocol to limit L1 capacity speak to how systems are shaped. Who benefits from engineered chokepoints is the key question. ğŸ”’","expired","2026-02-10T13:25:10.564257+00:00","","gemini-2.5-flash","0.000128475","Reframe the specific financial influence allegations into a broader observation about how capital shapes infrastructure and creates chokepoints, aligning with the brand's focus on 'governance by infrastructure' and 'control systems' without engaging in the personal drama.","","","N"
"441","2021227753127739448","SwanDesk","Policymakers attempt to legislate infrastructure. A ban on open networks mostly affects regulated gateways. Value  much like water  tends to find new paths. The chokepoints are where the traditional system connects  not within the network itself. ğŸ”’","expired","2026-02-10T14:30:06.158404+00:00","","gemini-2.5-flash","0.0001215","The reply highlights the fundamental challenge of applying traditional legal controls to decentralized infrastructure by focusing on where actual control (chokepoints) can be exerted within the broader financial system.","","","N"
"442","2021227896728129587","coinbureau","Such proposals clarify the purpose of self-custody. It's a choice between state legibility and individual sovereignty. The underlying infrastructure persists. ğŸ”’","expired","2026-02-10T14:30:20.460543+00:00","","gemini-2.5-flash","0.000120075","The reply reframes the proposed ban not as an effective control measure, but as an implicit validation of crypto's core design for self-custody and permissionless infrastructure, highlighting the conflict between state control and individual financial sovereignty.","","","N"
"443","2021241496419303671","coinbureau","New chat functions often expand the attack surface. 'Address poisoning' reminds us: convenience adds risk. Your keys  your constant verification. That's the real infrastructure of freedom. ğŸ”’","expired","2026-02-10T15:36:51.345552+00:00","","gemini-2.5-flash","0.00011954999999999999","The reply links new features to increased attack surfaces and underscores the perpetual need for individual verification, reframing self-custody as active vigilance against systemic risks.","","","N"
"444","2021286648508539047","SwanDesk","Centralized communication infrastructure presents an unavoidable chokepoint. This dynamic isn't new; control over information has always been a core function of power. The tools just get digital. âš™ï¸ ğŸ”’","expired","2026-02-10T18:20:13.115064+00:00","","gemini-2.5-flash","0.00011557499999999999","Connect modern state censorship to historical patterns of information control, emphasizing infrastructure as a chokepoint inherent in centralized systems.","","","N"
"445","2021324011133690353","AaronRDay","A 10x oversubscribed round  yet specific allocations grow tenfold? The stated narrative often differs from the actual mechanics of capital. Follow the revised flows to see who truly controls the infrastructure. ğŸ¤” ğŸ”’","expired","2026-02-10T21:01:43.287763+00:00","","gemini-2.5-flash","0.00012059999999999999","Highlight the discrepancy between the stated oversubscription and the actual increased allocation, connecting it to how power and influence operate through capital flow rather than public narrative.","","","N"
"446","2021322144681164946","monerify","Transacting beyond primary surveillance layers moves privacy from preference to practical function. Tools like @xmrcards highlight this shift in utility. Thatâ€™s fundamental self-custody. ğŸ”’","expired","2026-02-10T21:01:58.152838+00:00","","gemini-2.5-flash","0.00011879999999999999","Connect the practical utility of Monero spending to the brand's core emphasis on privacy as a survival layer and its role in achieving fundamental self-custody beyond surveillance.","","","N"
"447","2021358517219901807","georgegammon","Most chase the promise of 'rich ' missing the real value. Portability isn't about profit  it's about persistent optionality. An exit door you control  independent of whatever system happens to be in power. That's the real advantage. ğŸ”’","expired","2026-02-10T23:12:48.039539+00:00","","gemini-2.5-flash","0.0001293","Affirm the poster's focus on utility over speculation, then reframe that utility as 'persistent optionality' and a 'controlled exit door' to align with the brand's core themes of sovereignty and independence from centralized systems.","","","N"
"448","2021366196998733984","georgegammon","Using BTC in Argentina highlights its utility where local currencies are unstable. Now show us how you kept your transactions private while doing it. ğŸ”‘ ğŸ”’","expired","2026-02-11T01:31:03.110127+00:00","","gemini-2.0-flash","0.00011257500000000001","Acknowledge real-world crypto use, then pivot to the critical aspect of privacy and self-custody.","","","N"
"449","2021883872519364858","SwanDesk","Following 'global standards' often means centralizing control.    Strong oversight for 'investor protection' is a classic pivot toward permissioned systems ğŸ”’","posted","2026-02-12T09:56:50.667394+00:00","2026-02-12T10:28:36.229270+00:00","gemini-2.0-flash","0.00011399999999999998","Highlight the tension between global standards/investor protection and the trend towards centralized control.","2021894196119154732","","N"
"450","2021883419903353051","SwanDesk","Skipping layers is the goal.    But 'regulated' is the keyword. What's the trade-off?    Native settlement vs Fed oversight... ğŸ”’","posted","2026-02-12T09:56:55.596547+00:00","2026-02-12T10:29:04.930936+00:00","gemini-2.0-flash","0.00011812499999999998","Question the premise of 'regulated settlement' by hinting at the potential loss of decentralization and privacy.","2021894316680262046","","N"
"451","2021913424490528890","coinbureau","Speed is nice  but control's the real goal    DLT *could* mean faster settlement    It *will* mean deeper tracking    Remember  ledgers cut both ways ğŸ¤” ğŸ”’","posted","2026-02-12T12:08:33.111295+00:00","2026-02-12T12:40:41.824393+00:00","gemini-2.0-flash","0.000122775","Focus on the dual nature of DLT: potential efficiency gains vs. enhanced surveillance capabilities.","2021927438511747363","","N"
"452","test_newline_post","test_handle","Line 1
Line 2
Line 3","test_pending","2026-02-12T13:46:43.959454+00:00","2026-02-12T13:46:43.959516+00:00","unknown","0.0","","","","N"
"453","2021959370624393520","learningcrypto","Yield denial is just updated feudalism.    Centralized finance extracts then restricts.    Self-custody is the exit doorğŸ”‘ ğŸ”’","posted","2026-02-12T14:52:56.083538+00:00","2026-02-12T15:45:28.316249+00:00","gemini-2.0-flash","0.00011722499999999999","Frame yield restrictions as a form of modern feudalism, emphasizing self-custody as the solution.","2021973938587529721","","N"
"454","2021954949312032798","learningcrypto","Spot on.    First they create the problem  then they sell you the solution. Crypto's un-censorable rails are a threat AND an upgrade to the old settlement layers    Old guard playing catch-up ğŸ”’","posted","2026-02-12T14:53:00.754438+00:00","2026-02-12T15:46:54.822805+00:00","gemini-2.0-flash","0.000128925","Highlight the pattern of incumbents first dismissing, then co-opting disruptive technologies, framing tokenized RWAs as an admission of blockchain's superior infrastructure.","2021974301361217870","","N"
"455","2021958723007332368","coinbureau","{    ""reply"": ""Interesting to watch capital \*explicitly\* flow into privacy.\n\nPrivacy coins haven't seen this kind of attention in a while.\n\nBetting on privacy adoption as a \*response\* to surveillance makes sense""     ""insight"": ""Frame interest in privacy coins as a logical  ğŸ”’","qualified","2026-02-12T14:53:04.686502+00:00","","Error","0.0","Fallback due to AI/parse error.","","3bfc4dfc58e062e18d8defa49cc3d2ca495bac95317a8c6ba5d7c9b9ea09f3a8","Y"
"456","2021967600213803302","learningcrypto","Same script, new actors.

It's a feature, not a bug, of centralized models. Self-custody isn't just about owning keys; it's about owning the exit ğŸ”’","posted","2026-02-12T15:45:10.872539+00:00","2026-02-12T15:49:03.707982+00:00","gemini-2.0-flash","0.0001215","Highlight the systemic nature of the problem (centralized platforms failing) and the core solution (self-custody as an exit strategy).","2021974842028007855","","N"
